{
  "M": [
    64,
    128
  ],
  "whitebox": [
    {
      "top1": 0.39044152184124004,
      "se": 0.7015091787549939
    },
    {
      "top1": 0.03669563175199624,
      "se": 0.1880269604336515
    }
  ],
  "transfer": [
    {
      "top1": 0.4081141380930014,
      "se": 0.7631681327539549
    },
    {
      "top1": 0.07450681070925318,
      "se": 0.37683551541303467
    }
  ],
  "random": [
    {
      "top1": 0.9013621418506341,
      "se": 0.9745723703563921
    },
    {
      "top1": 0.8992484734617191,
      "se": 0.9741229791155055
    }
  ],
  "clean": {
    "top1": 0.9011272898074213,
    "se": 0.9747636365352246
  }
}