{
  "clean": {
    "top1": 0.8420620009394082,
    "se_ratio": 0.9359332008387806
  },
  "attack": {
    "64": {
      "top1": 0.3007867543447628,
      "se_ratio": 0.4730845092486085
    },
    "128": {
      "top1": 0.20731564114607798,
      "se_ratio": 0.39296297703700145
    }
  },
  "random": {
    "64": {
      "top1": 0.8388914983560357,
      "se_ratio": 0.9346788315862475
    },
    "128": {
      "top1": 0.8347815875998121,
      "se_ratio": 0.9316128351045012
    }
  }
}