{
  "lam": [
    0.0,
    2.0,
    5.0
  ],
  "det_auc": [
    0.99770032,
    0.81567984,
    0.73189456
  ],
  "victim_top1": [
    0.0416,
    0.868,
    0.8768
  ],
  "victim_se": [
    0.19504130079233636,
    0.9612191002891699,
    0.9642348808234299
  ]
}