{
  "cw": {
    "clean_top1": 0.9011272898074213,
    "buggy_top1": 0.9982973226867073,
    "corrected_top1": 0.016968060122123062
  },
  "pred_hist": {
    "counts": [
      398,
      57,
      140,
      1178,
      90,
      949,
      81,
      302,
      1058,
      763,
      709,
      386,
      50,
      18,
      32,
      104,
      40,
      7,
      627,
      889,
      146,
      43,
      219,
      33,
      120,
      1188,
      258,
      187,
      209,
      35,
      22,
      48,
      247,
      38,
      966,
      41,
      140,
      61,
      57,
      40,
      117,
      501,
      432,
      426,
      20,
      540,
      170,
      182,
      44,
      201,
      7,
      74,
      92,
      180,
      357,
      238,
      111,
      367,
      613,
      29,
      258,
      40,
      57,
      0
    ],
    "a_bR_beam": 42,
    "entropy_bits": 5.180950197988192,
    "max_entropy_bits": 6.0,
    "frac_on_a_bR": 0.025364020666979802
  }
}