{
  "snr_db": [
    0,
    10,
    20
  ],
  "clean_top1": [
    0.7637388445279474,
    0.9011272898074213,
    0.913457022076092
  ],
  "malicious_top1": [
    0.04632456552372006,
    0.03669563175199624,
    0.01279943635509629
  ],
  "drop": [
    0.7174142790042273,
    0.8644316580554251,
    0.9006575857209957
  ]
}