{
  "clean": {
    "undefended": {
      "top1": 0.9011272898074213,
      "se": 0.9747636365352246
    },
    "defended": {
      "top1": 0.9102278064819164,
      "se": 0.9791358883324827
    }
  },
  "attack_Msweep": {
    "M": [
      64,
      128
    ],
    "undefended": [
      {
        "top1": 0.39044152184124004,
        "se": 0.7015091787549939
      },
      {
        "top1": 0.03669563175199624,
        "se": 0.1880269604336515
      }
    ],
    "defended": [
      {
        "top1": 0.6571747299201504,
        "se": 0.8858221134274147
      },
      {
        "top1": 0.5836073273837482,
        "se": 0.8784041905435482
      }
    ]
  },
  "ci_M128": {
    "undef_mean": 0.037380616878033505,
    "undef_std": 0.0004989646463121166,
    "def_mean": 0.5844880225457961,
    "def_std": 0.0006762624292771015
  },
  "detector_auc": 0.9976098750982043
}