{
  "L_coarse": 16,
  "clean": {
    "top1": 0.44475105683419447,
    "se_ratio": 0.6231972136735925
  },
  "attack": {
    "64": {
      "top1": 0.3048966651009864,
      "se_ratio": 0.4914758736877868
    },
    "128": {
      "top1": 0.12171207139502113,
      "se_ratio": 0.3082526005203529
    }
  },
  "random": {
    "64": {
      "top1": 0.44351808360732736,
      "se_ratio": 0.6222877774861719
    },
    "128": {
      "top1": 0.4426961014560827,
      "se_ratio": 0.6205992585531118
    }
  }
}