{
  "blackbox_transfer_M128": {
    "top1_mean": 0.07916470956630656,
    "top1_std": 0.00754522473226512,
    "runs": [
      0.07409581963363081,
      0.0898309065288868,
      0.07356740253640207
    ]
  },
  "cnn": {
    "64": {
      "runs": [
        0.30777360263034287,
        0.34159229685298265,
        0.373179896665101
      ],
      "top1_mean": 0.3408485987161422,
      "top1_std": 0.026707185550326636
    },
    "128": {
      "runs": [
        0.18112963832785345,
        0.19950681070925316,
        0.20866604039455144
      ],
      "top1_mean": 0.19643416314388604,
      "top1_std": 0.011449722907576699
    }
  }
}