{
  "top1": 0.9011272898074213,
  "top3": 0.9860263034288398,
  "top5": 0.9937177078440582,
  "se_ratio": 0.9747636365352246
}