{
  "clean": {
    "dnn": {
      "top1": 0.9011272898074213,
      "se": 0.9747636365352246
    },
    "classical": {
      "top1": 0.9604861437294504,
      "se": 0.9968810331097069
    }
  },
  "malicious_M128": {
    "dnn": {
      "top1": 0.03669563175199624,
      "se": 0.1880269604336515
    },
    "classical": {
      "top1": 0.9874354156881164,
      "se": 0.9990251422115508
    }
  },
  "jamming_M128": {
    "dnn": {
      "top1": 0.8992484734617191,
      "se": 0.974122980287613
    },
    "classical": {
      "top1": 0.9590183184593706,
      "se": 0.9966880499959118
    }
  }
}