{
  "K_db_sweep": [
    "LoS",
    10.0,
    0.0
  ],
  "M_sweep": [
    64,
    128
  ],
  "results": {
    "64": {
      "LoS": {
        "top1_mean": 0.3905589478628464,
        "top1_std": 0.00023969486288388965,
        "se_mean": 0.7020343150594881,
        "se_std": 0.0005288806859681525
      },
      "10dB": {
        "top1_mean": 0.4315014873962737,
        "top1_std": 0.010702351023002153,
        "se_mean": 0.7104487082155592,
        "se_std": 0.0037334742993081218
      },
      "0dB": {
        "top1_mean": 0.5728041333959605,
        "top1_std": 0.01640542806013018,
        "se_mean": 0.7492526264938779,
        "se_std": 0.016825984675739692
      }
    },
    "128": {
      "LoS": {
        "top1_mean": 0.03790903397526225,
        "top1_std": 0.0002889624052809114,
        "se_mean": 0.1874286263200284,
        "se_std": 0.00015151216710432468
      },
      "10dB": {
        "top1_mean": 0.03558008454673556,
        "top1_std": 0.0020846564149608554,
        "se_mean": 0.18533972275686675,
        "se_std": 0.005373788063591957
      },
      "0dB": {
        "top1_mean": 0.02681227493345859,
        "top1_std": 0.0038760470215052877,
        "se_mean": 0.19844277751132502,
        "se_std": 0.009833884725318938
      }
    }
  }
}